[{"pk": 1, "model": "contenttypes.contenttype", "fields": {"model": "logentry", "name": "log entry", "app_label": "admin"}}, {"pk": 2, "model": "contenttypes.contenttype", "fields": {"model": "permission", "name": "permission", "app_label": "auth"}}, {"pk": 3, "model": "contenttypes.contenttype", "fields": {"model": "group", "name": "group", "app_label": "auth"}}, {"pk": 4, "model": "contenttypes.contenttype", "fields": {"model": "user", "name": "user", "app_label": "auth"}}, {"pk": 5, "model": "contenttypes.contenttype", "fields": {"model": "contenttype", "name": "content type", "app_label": "contenttypes"}}, {"pk": 6, "model": "contenttypes.contenttype", "fields": {"model": "session", "name": "session", "app_label": "sessions"}}, {"pk": 7, "model": "contenttypes.contenttype", "fields": {"model": "address", "name": "address", "app_label": "organization"}}, {"pk": 8, "model": "contenttypes.contenttype", "fields": {"model": "person", "name": "person", "app_label": "organization"}}, {"pk": 9, "model": "contenttypes.contenttype", "fields": {"model": "organizationtype", "name": "organization type", "app_label": "organization"}}, {"pk": 10, "model": "contenttypes.contenttype", "fields": {"model": "designation", "name": "designation", "app_label": "organization"}}, {"pk": 11, "model": "contenttypes.contenttype", "fields": {"model": "organization", "name": "organization", "app_label": "organization"}}, {"pk": 12, "model": "contenttypes.contenttype", "fields": {"model": "visitingcards", "name": "visiting cards", "app_label": "organization"}}, {"pk": 13, "model": "contenttypes.contenttype", "fields": {"model": "phone", "name": "phone", "app_label": "organization"}}, {"pk": 14, "model": "contenttypes.contenttype", "fields": {"model": "phonetype", "name": "phone type", "app_label": "organization"}}, {"pk": 15, "model": "contenttypes.contenttype", "fields": {"model": "migrationhistory", "name": "migration history", "app_label": "south"}}, {"pk": "0b7yizb7pd7wr6wtkb1itw4c0bxawemo", "model": "sessions.session", "fields": {"expire_date": "2014-05-14T13:10:48.662Z", "session_data": "NDZiY2RkMjg3NGI0OTc3NDcwZGQ1Zjc0Mjc4NjljZTI1MzFiYjg4Nzp7ImFkbWluaXN0cmF0b3IiOiJhZG1pbmlzdHJhdG9yIiwiZGVzY3JpcHRpb24iOiJkZXNjcmlwdGlvbiIsIl9hdXRoX3VzZXJfaWQiOjksInNvcnRfb24iOiJmaXJzdF9uYW1lIiwiX2F1dGhfdXNlcl9iYWNrZW5kIjoiZGphbmdvLmNvbnRyaWIuYXV0aC5iYWNrZW5kcy5Nb2RlbEJhY2tlbmQiLCJkIjp7Im9yZ2FuaXphdGlvbiI6Im9yZ2FuaXphdGlvbiIsImZpcnN0X25hbWUiOiIrZmlyc3RfbmFtZSIsImRlc2lnbmF0aW9uIjoiZGVzaWduYXRpb24ifSwibmFtZSI6IituYW1lIn0="}}, {"pk": "0f9n66tb8in2mm8rrah8rahlh7yxaxot", "model": "sessions.session", "fields": {"expire_date": "2014-06-06T05:35:43.406Z", "session_data": "MmI3YTE3NWQ2NzBhNzNhNGVhMjVjNjkxMjRjNTcyMzk1MTVhOGJiODp7Il9hdXRoX3VzZXJfYmFja2VuZCI6ImRqYW5nby5jb250cmliLmF1dGguYmFja2VuZHMuTW9kZWxCYWNrZW5kIiwiX2F1dGhfdXNlcl9pZCI6OX0="}}, {"pk": "18xhgoeee2fclveuc79o5vtg0fp4rfdx", "model": "sessions.session", "fields": {"expire_date": "2014-05-22T10:16:16.456Z", "session_data": "NDZiY2RkMjg3NGI0OTc3NDcwZGQ1Zjc0Mjc4NjljZTI1MzFiYjg4Nzp7ImFkbWluaXN0cmF0b3IiOiJhZG1pbmlzdHJhdG9yIiwiZGVzY3JpcHRpb24iOiJkZXNjcmlwdGlvbiIsIl9hdXRoX3VzZXJfaWQiOjksInNvcnRfb24iOiJmaXJzdF9uYW1lIiwiX2F1dGhfdXNlcl9iYWNrZW5kIjoiZGphbmdvLmNvbnRyaWIuYXV0aC5iYWNrZW5kcy5Nb2RlbEJhY2tlbmQiLCJkIjp7Im9yZ2FuaXphdGlvbiI6Im9yZ2FuaXphdGlvbiIsImZpcnN0X25hbWUiOiIrZmlyc3RfbmFtZSIsImRlc2lnbmF0aW9uIjoiZGVzaWduYXRpb24ifSwibmFtZSI6IituYW1lIn0="}}, {"pk": "1i66yezxhvrv3i7ja9bom0cfcrlcc1mp", "model": "sessions.session", "fields": {"expire_date": "2014-05-13T10:21:36.223Z", "session_data": "NWEwNWVhMjg5MDlkY2FiZjIzZmY3ZDI2Y2Q2NmU3OTg0NDQ2NGYzYTp7ImFkbWluaXN0cmF0b3IiOiJhZG1pbmlzdHJhdG9yIiwiZGVzY3JpcHRpb24iOiJkZXNjcmlwdGlvbiIsIl9hdXRoX3VzZXJfaWQiOjksInNvcnRfb24iOiJ0aXRsZSIsIl9hdXRoX3VzZXJfYmFja2VuZCI6ImRqYW5nby5jb250cmliLmF1dGguYmFja2VuZHMuTW9kZWxCYWNrZW5kIiwiZCI6eyJkZXNjcmlwdGlvbiI6ImRlc2NyaXB0aW9uIiwidGl0bGUiOiIrdGl0bGUifSwibmFtZSI6IituYW1lIn0="}}, {"pk": "1jdoklgr6a0ctjoumy1leqw8qd2yj4rq", "model": "sessions.session", "fields": {"expire_date": "2014-06-04T08:00:55.554Z", "session_data": "OTAwYzM0MmE0OTIxOGQ4Yjc4NDI0ZmRkZjRkM2VmODE2YTVkMTE4NDp7InNvcnRfb3JkZXIiOiJBU0MiLCJfYXV0aF91c2VyX2lkIjo5LCJfYXV0aF91c2VyX2JhY2tlbmQiOiJkamFuZ28uY29udHJpYi5hdXRoLmJhY2tlbmRzLk1vZGVsQmFja2VuZCIsInNvcnRfYnkiOiJuYW1lIn0="}}, {"pk": "1otn8p77om5pko1b9yf8aun9z4vqvnha", "model": "sessions.session", "fields": {"expire_date": "2014-06-05T05:22:59.778Z", "session_data": "ZjUzOWQwZDRmOTQ5YjJiOTQ3YzJlNzZlOTE4MTc1YmZlYmY1YTMwMzp7fQ=="}}, {"pk": "1vmdcpctq9q0ilkc30vdcjnp4pe4emkt", "model": "sessions.session", "fields": {"expire_date": "2014-04-28T10:53:37.755Z", "session_data": "YmJhNzMwMDNjNTQwYzc3NDgwNGE2YmJkYWYzZmNjMzZkNzRmM2EzMjp7ImFkbWluaXN0cmF0b3IiOiJhZG1pbmlzdHJhdG9yIiwiZGVzY3JpcHRpb24iOiJkZXNjcmlwdGlvbiIsIl9hdXRoX3VzZXJfaWQiOjksInNvcnRfb24iOiJ0aXRsZSIsIl9hdXRoX3VzZXJfYmFja2VuZCI6ImRqYW5nby5jb250cmliLmF1dGguYmFja2VuZHMuTW9kZWxCYWNrZW5kIiwibmFtZSI6IituYW1lIiwiZCI6eyJkZXNjcmlwdGlvbiI6ImRlc2NyaXB0aW9uIiwidGl0bGUiOiIrdGl0bGUifX0="}}, {"pk": "2yqq56gbdxh7eg4jmabab4cmzk46rsr6", "model": "sessions.session", "fields": {"expire_date": "2014-05-27T12:00:18.977Z", "session_data": "NDZiY2RkMjg3NGI0OTc3NDcwZGQ1Zjc0Mjc4NjljZTI1MzFiYjg4Nzp7ImFkbWluaXN0cmF0b3IiOiJhZG1pbmlzdHJhdG9yIiwiZGVzY3JpcHRpb24iOiJkZXNjcmlwdGlvbiIsIl9hdXRoX3VzZXJfaWQiOjksInNvcnRfb24iOiJmaXJzdF9uYW1lIiwiX2F1dGhfdXNlcl9iYWNrZW5kIjoiZGphbmdvLmNvbnRyaWIuYXV0aC5iYWNrZW5kcy5Nb2RlbEJhY2tlbmQiLCJkIjp7Im9yZ2FuaXphdGlvbiI6Im9yZ2FuaXphdGlvbiIsImZpcnN0X25hbWUiOiIrZmlyc3RfbmFtZSIsImRlc2lnbmF0aW9uIjoiZGVzaWduYXRpb24ifSwibmFtZSI6IituYW1lIn0="}}, {"pk": "3bwy399cagwemke1n4z5xxmeuu4f5qzs", "model": "sessions.session", "fields": {"expire_date": "2014-05-27T07:26:21.487Z", "session_data": "NDZiY2RkMjg3NGI0OTc3NDcwZGQ1Zjc0Mjc4NjljZTI1MzFiYjg4Nzp7ImFkbWluaXN0cmF0b3IiOiJhZG1pbmlzdHJhdG9yIiwiZGVzY3JpcHRpb24iOiJkZXNjcmlwdGlvbiIsIl9hdXRoX3VzZXJfaWQiOjksInNvcnRfb24iOiJmaXJzdF9uYW1lIiwiX2F1dGhfdXNlcl9iYWNrZW5kIjoiZGphbmdvLmNvbnRyaWIuYXV0aC5iYWNrZW5kcy5Nb2RlbEJhY2tlbmQiLCJkIjp7Im9yZ2FuaXphdGlvbiI6Im9yZ2FuaXphdGlvbiIsImZpcnN0X25hbWUiOiIrZmlyc3RfbmFtZSIsImRlc2lnbmF0aW9uIjoiZGVzaWduYXRpb24ifSwibmFtZSI6IituYW1lIn0="}}, {"pk": "3uhpc6f95gfwldlm8mbdsif55kuymcsj", "model": "sessions.session", "fields": {"expire_date": "2014-05-28T13:30:35.457Z", "session_data": "NDZiY2RkMjg3NGI0OTc3NDcwZGQ1Zjc0Mjc4NjljZTI1MzFiYjg4Nzp7ImFkbWluaXN0cmF0b3IiOiJhZG1pbmlzdHJhdG9yIiwiZGVzY3JpcHRpb24iOiJkZXNjcmlwdGlvbiIsIl9hdXRoX3VzZXJfaWQiOjksInNvcnRfb24iOiJmaXJzdF9uYW1lIiwiX2F1dGhfdXNlcl9iYWNrZW5kIjoiZGphbmdvLmNvbnRyaWIuYXV0aC5iYWNrZW5kcy5Nb2RlbEJhY2tlbmQiLCJkIjp7Im9yZ2FuaXphdGlvbiI6Im9yZ2FuaXphdGlvbiIsImZpcnN0X25hbWUiOiIrZmlyc3RfbmFtZSIsImRlc2lnbmF0aW9uIjoiZGVzaWduYXRpb24ifSwibmFtZSI6IituYW1lIn0="}}, {"pk": "41bjruhrpcv35h1hz9sax9a6hffh34eg", "model": "sessions.session", "fields": {"expire_date": "2014-04-25T10:05:34.710Z", "session_data": "YmJhNzMwMDNjNTQwYzc3NDgwNGE2YmJkYWYzZmNjMzZkNzRmM2EzMjp7ImFkbWluaXN0cmF0b3IiOiJhZG1pbmlzdHJhdG9yIiwiZGVzY3JpcHRpb24iOiJkZXNjcmlwdGlvbiIsIl9hdXRoX3VzZXJfaWQiOjksInNvcnRfb24iOiJ0aXRsZSIsIl9hdXRoX3VzZXJfYmFja2VuZCI6ImRqYW5nby5jb250cmliLmF1dGguYmFja2VuZHMuTW9kZWxCYWNrZW5kIiwibmFtZSI6IituYW1lIiwiZCI6eyJkZXNjcmlwdGlvbiI6ImRlc2NyaXB0aW9uIiwidGl0bGUiOiIrdGl0bGUifX0="}}, {"pk": "4babhrwolyyj2ms80ifo222gob95gte5", "model": "sessions.session", "fields": {"expire_date": "2014-05-29T05:25:48.825Z", "session_data": "NDZiY2RkMjg3NGI0OTc3NDcwZGQ1Zjc0Mjc4NjljZTI1MzFiYjg4Nzp7ImFkbWluaXN0cmF0b3IiOiJhZG1pbmlzdHJhdG9yIiwiZGVzY3JpcHRpb24iOiJkZXNjcmlwdGlvbiIsIl9hdXRoX3VzZXJfaWQiOjksInNvcnRfb24iOiJmaXJzdF9uYW1lIiwiX2F1dGhfdXNlcl9iYWNrZW5kIjoiZGphbmdvLmNvbnRyaWIuYXV0aC5iYWNrZW5kcy5Nb2RlbEJhY2tlbmQiLCJkIjp7Im9yZ2FuaXphdGlvbiI6Im9yZ2FuaXphdGlvbiIsImZpcnN0X25hbWUiOiIrZmlyc3RfbmFtZSIsImRlc2lnbmF0aW9uIjoiZGVzaWduYXRpb24ifSwibmFtZSI6IituYW1lIn0="}}, {"pk": "5kr2zcxb0rh2kuuhxrkp9tqtexraoy25", "model": "sessions.session", "fields": {"expire_date": "2014-06-06T05:28:50.021Z", "session_data": "MmI3YTE3NWQ2NzBhNzNhNGVhMjVjNjkxMjRjNTcyMzk1MTVhOGJiODp7Il9hdXRoX3VzZXJfYmFja2VuZCI6ImRqYW5nby5jb250cmliLmF1dGguYmFja2VuZHMuTW9kZWxCYWNrZW5kIiwiX2F1dGhfdXNlcl9pZCI6OX0="}}, {"pk": "6bfkkbihe9wa5zvxjkzg4i5oh1a07ezz", "model": "sessions.session", "fields": {"expire_date": "2014-05-22T09:11:13.076Z", "session_data": "MWUyMmZmMTc0OGU2M2ZiYjdiYTZlNGJmODNmZjRlMTM1ZTZlMTVkYzp7ImFkbWluaXN0cmF0b3IiOiJhZG1pbmlzdHJhdG9yIiwiZGVzY3JpcHRpb24iOiJkZXNjcmlwdGlvbiIsIl9hdXRoX3VzZXJfaWQiOjksInNvcnRfb24iOiJmaXJzdF9uYW1lIiwiX2F1dGhfdXNlcl9iYWNrZW5kIjoiZGphbmdvLmNvbnRyaWIuYXV0aC5iYWNrZW5kcy5Nb2RlbEJhY2tlbmQiLCJuYW1lIjoiK25hbWUiLCJkIjp7Im9yZ2FuaXphdGlvbiI6Im9yZ2FuaXphdGlvbiIsImZpcnN0X25hbWUiOiIrZmlyc3RfbmFtZSIsImRlc2lnbmF0aW9uIjoiZGVzaWduYXRpb24ifX0="}}, {"pk": "6memrqo6lnuf3ptr02t8qjomdp1k8zkj", "model": "sessions.session", "fields": {"expire_date": "2014-03-28T11:49:03.095Z", "session_data": "ZjUzOWQwZDRmOTQ5YjJiOTQ3YzJlNzZlOTE4MTc1YmZlYmY1YTMwMzp7fQ=="}}, {"pk": "6u50ikqy9f9dz0m5am5wn6shhl651hdh", "model": "sessions.session", "fields": {"expire_date": "2014-04-28T12:52:33.132Z", "session_data": "YzY4YWFiMjhiNTg3NjMwOTY2Yjg2OWE0YmNjNjRjMzg3MjQxNGJmNDp7Il9hdXRoX3VzZXJfYmFja2VuZCI6ImRqYW5nby5jb250cmliLmF1dGguYmFja2VuZHMuTW9kZWxCYWNrZW5kIiwiYWRtaW5pc3RyYXRvciI6ImFkbWluaXN0cmF0b3IiLCJkZXNjcmlwdGlvbiI6ImRlc2NyaXB0aW9uIiwiX2F1dGhfdXNlcl9pZCI6OSwibmFtZSI6IituYW1lIn0="}}, {"pk": "6uqwqqt8dnspc98j39rggyiduapuvx04", "model": "sessions.session", "fields": {"expire_date": "2014-06-04T07:17:41.112Z", "session_data": "NWZlNWUyM2U3YzhmMmRjMDljMjJmNGUwNmU4MmVmMjJhMGRkODMxYTp7InNvcnRfb3JkZXIiOiJBU0MiLCJfYXV0aF91c2VyX2JhY2tlbmQiOiJkamFuZ28uY29udHJpYi5hdXRoLmJhY2tlbmRzLk1vZGVsQmFja2VuZCIsIl9hdXRoX3VzZXJfaWQiOjEsInNvcnRfYnkiOiJkZXNjcmlwdGlvbiJ9"}}, {"pk": "70dm49qop3xhz0khen3uhdfiyr5f897w", "model": "sessions.session", "fields": {"expire_date": "2014-05-07T13:18:48.086Z", "session_data": "YjNjZDg4OTgwNjg4YjIzMTRiYTA5MjMzNjA5MTY1MGQ5YjY1YjEwMTp7ImFkbWluaXN0cmF0b3IiOiJhZG1pbmlzdHJhdG9yIiwiZGVzY3JpcHRpb24iOiJkZXNjcmlwdGlvbiIsIl9hdXRoX3VzZXJfaWQiOjksIm5hbWUiOiIrbmFtZSIsInNvcnRfb24iOiJmaXJzdF9uYW1lIiwiZmlyc3RfbmFtZSI6IitmaXJzdF9uYW1lIiwiX2F1dGhfdXNlcl9iYWNrZW5kIjoiZGphbmdvLmNvbnRyaWIuYXV0aC5iYWNrZW5kcy5Nb2RlbEJhY2tlbmQiLCJkZXNpZ25hdGlvbiI6ImRlc2lnbmF0aW9uIiwib3JnYW5pemF0aW9uIjoib3JnYW5pemF0aW9uIiwiZCI6eyJvcmdhbml6YXRpb24iOiJvcmdhbml6YXRpb24iLCJmaXJzdF9uYW1lIjoiK2ZpcnN0X25hbWUiLCJkZXNpZ25hdGlvbiI6ImRlc2lnbmF0aW9uIn19"}}, {"pk": "72lzyq0zc96yggjpgjhuae6zul7296pl", "model": "sessions.session", "fields": {"expire_date": "2014-05-13T11:25:57.611Z", "session_data": "ZjUzOWQwZDRmOTQ5YjJiOTQ3YzJlNzZlOTE4MTc1YmZlYmY1YTMwMzp7fQ=="}}, {"pk": "8dwroblpeuoz15ezofus92fd3ov1pdfy", "model": "sessions.session", "fields": {"expire_date": "2014-04-21T07:09:34.990Z", "session_data": "MmI3YTE3NWQ2NzBhNzNhNGVhMjVjNjkxMjRjNTcyMzk1MTVhOGJiODp7Il9hdXRoX3VzZXJfYmFja2VuZCI6ImRqYW5nby5jb250cmliLmF1dGguYmFja2VuZHMuTW9kZWxCYWNrZW5kIiwiX2F1dGhfdXNlcl9pZCI6OX0="}}, {"pk": "8gq9kcfr6rqxo7bo62hgqg5wiqw3mu0y", "model": "sessions.session", "fields": {"expire_date": "2014-04-23T04:43:37.554Z", "session_data": "ZjUzOWQwZDRmOTQ5YjJiOTQ3YzJlNzZlOTE4MTc1YmZlYmY1YTMwMzp7fQ=="}}, {"pk": "8mv00i398ot7ovw16bm9081ox0v6ywys", "model": "sessions.session", "fields": {"expire_date": "2014-04-10T06:09:45.164Z", "session_data": "MmI3YTE3NWQ2NzBhNzNhNGVhMjVjNjkxMjRjNTcyMzk1MTVhOGJiODp7Il9hdXRoX3VzZXJfYmFja2VuZCI6ImRqYW5nby5jb250cmliLmF1dGguYmFja2VuZHMuTW9kZWxCYWNrZW5kIiwiX2F1dGhfdXNlcl9pZCI6OX0="}}, {"pk": "9lbrs3kbr9czlvquxvm0hw8xgsy3ooia", "model": "sessions.session", "fields": {"expire_date": "2014-06-06T04:54:47.125Z", "session_data": "MmI3YTE3NWQ2NzBhNzNhNGVhMjVjNjkxMjRjNTcyMzk1MTVhOGJiODp7Il9hdXRoX3VzZXJfYmFja2VuZCI6ImRqYW5nby5jb250cmliLmF1dGguYmFja2VuZHMuTW9kZWxCYWNrZW5kIiwiX2F1dGhfdXNlcl9pZCI6OX0="}}, {"pk": "9oqs8rj61dhq8vuxnp0j546go4he8pbt", "model": "sessions.session", "fields": {"expire_date": "2014-05-22T12:44:43.581Z", "session_data": "ZjUzOWQwZDRmOTQ5YjJiOTQ3YzJlNzZlOTE4MTc1YmZlYmY1YTMwMzp7fQ=="}}, {"pk": "9v29zpqjy1q1ytz6f2zcu9frfwah60tj", "model": "sessions.session", "fields": {"expire_date": "2014-04-02T14:03:31.655Z", "session_data": "MmI3YTE3NWQ2NzBhNzNhNGVhMjVjNjkxMjRjNTcyMzk1MTVhOGJiODp7Il9hdXRoX3VzZXJfYmFja2VuZCI6ImRqYW5nby5jb250cmliLmF1dGguYmFja2VuZHMuTW9kZWxCYWNrZW5kIiwiX2F1dGhfdXNlcl9pZCI6OX0="}}, {"pk": "ai4up2jzw4yaia6maqoy5d3j9p0ukxh0", "model": "sessions.session", "fields": {"expire_date": "2014-04-21T06:24:50.596Z", "session_data": "MmI3YTE3NWQ2NzBhNzNhNGVhMjVjNjkxMjRjNTcyMzk1MTVhOGJiODp7Il9hdXRoX3VzZXJfYmFja2VuZCI6ImRqYW5nby5jb250cmliLmF1dGguYmFja2VuZHMuTW9kZWxCYWNrZW5kIiwiX2F1dGhfdXNlcl9pZCI6OX0="}}, {"pk": "aq6kmu5aj2tzrqbq7ziswbnfuajhji2g", "model": "sessions.session", "fields": {"expire_date": "2014-05-12T04:41:37.069Z", "session_data": "NDZiY2RkMjg3NGI0OTc3NDcwZGQ1Zjc0Mjc4NjljZTI1MzFiYjg4Nzp7ImFkbWluaXN0cmF0b3IiOiJhZG1pbmlzdHJhdG9yIiwiZGVzY3JpcHRpb24iOiJkZXNjcmlwdGlvbiIsIl9hdXRoX3VzZXJfaWQiOjksInNvcnRfb24iOiJmaXJzdF9uYW1lIiwiX2F1dGhfdXNlcl9iYWNrZW5kIjoiZGphbmdvLmNvbnRyaWIuYXV0aC5iYWNrZW5kcy5Nb2RlbEJhY2tlbmQiLCJkIjp7Im9yZ2FuaXphdGlvbiI6Im9yZ2FuaXphdGlvbiIsImZpcnN0X25hbWUiOiIrZmlyc3RfbmFtZSIsImRlc2lnbmF0aW9uIjoiZGVzaWduYXRpb24ifSwibmFtZSI6IituYW1lIn0="}}, {"pk": "axbw52t8157s5zy5rc20hfd60ba1dycu", "model": "sessions.session", "fields": {"expire_date": "2014-05-20T12:29:27.921Z", "session_data": "ZWVlZGMzZGY2NDJhYzU5YTEyYTYxZDM5NWZmM2Y5OTBmODdjMTc0Mzp7ImFkbWluaXN0cmF0b3IiOiJhZG1pbmlzdHJhdG9yIiwibmFtZSI6IituYW1lIiwiX2F1dGhfdXNlcl9pZCI6OSwiZGVzY3JpcHRpb24iOiJkZXNjcmlwdGlvbiIsInNvcnRfb24iOiJmaXJzdF9uYW1lIiwiX2F1dGhfdXNlcl9iYWNrZW5kIjoiZGphbmdvLmNvbnRyaWIuYXV0aC5iYWNrZW5kcy5Nb2RlbEJhY2tlbmQiLCJkIjp7Im9yZ2FuaXphdGlvbiI6Im9yZ2FuaXphdGlvbiIsImZpcnN0X25hbWUiOiIrZmlyc3RfbmFtZSIsImRlc2lnbmF0aW9uIjoiZGVzaWduYXRpb24ifX0="}}, {"pk": "bbrpptytea3myrg37nnazf99ypw6cray", "model": "sessions.session", "fields": {"expire_date": "2014-03-28T11:53:35.499Z", "session_data": "MmI3YTE3NWQ2NzBhNzNhNGVhMjVjNjkxMjRjNTcyMzk1MTVhOGJiODp7Il9hdXRoX3VzZXJfYmFja2VuZCI6ImRqYW5nby5jb250cmliLmF1dGguYmFja2VuZHMuTW9kZWxCYWNrZW5kIiwiX2F1dGhfdXNlcl9pZCI6OX0="}}, {"pk": "bntl06vrcuzy2lp3wpvauacwdjqaqgk3", "model": "sessions.session", "fields": {"expire_date": "2014-05-07T08:00:58.133Z", "session_data": "YWQ2NjVhYTQ5ZmMyNjE2ZTFmNjcxYmQ0MjI1ZjVkYmE5NmUwMjZjZDp7ImFkbWluaXN0cmF0b3IiOiJhZG1pbmlzdHJhdG9yIiwiZGVzY3JpcHRpb24iOiJkZXNjcmlwdGlvbiIsIl9hdXRoX3VzZXJfaWQiOjksInNvcnRfb24iOiJuYW1lIiwiX2F1dGhfdXNlcl9iYWNrZW5kIjoiZGphbmdvLmNvbnRyaWIuYXV0aC5iYWNrZW5kcy5Nb2RlbEJhY2tlbmQiLCJuYW1lIjoiK25hbWUiLCJkIjp7Im5hbWUiOiIrbmFtZSIsImRlc2NyaXB0aW9uIjoiZGVzY3JpcHRpb24ifX0="}}, {"pk": "bsi2ekp0hbcgivfmgkwu5awsuj9vvdj9", "model": "sessions.session", "fields": {"expire_date": "2014-03-25T06:11:53.392Z", "session_data": "ZjUzOWQwZDRmOTQ5YjJiOTQ3YzJlNzZlOTE4MTc1YmZlYmY1YTMwMzp7fQ=="}}, {"pk": "c4sbadld6dhe7uzcyd7akhn7wfzcpl9e", "model": "sessions.session", "fields": {"expire_date": "2014-04-21T05:18:05.592Z", "session_data": "MmI3YTE3NWQ2NzBhNzNhNGVhMjVjNjkxMjRjNTcyMzk1MTVhOGJiODp7Il9hdXRoX3VzZXJfYmFja2VuZCI6ImRqYW5nby5jb250cmliLmF1dGguYmFja2VuZHMuTW9kZWxCYWNrZW5kIiwiX2F1dGhfdXNlcl9pZCI6OX0="}}, {"pk": "cuzykk4lwch41ww054qcgcusmq2nkvlj", "model": "sessions.session", "fields": {"expire_date": "2014-05-21T06:32:41.582Z", "session_data": "NDZiY2RkMjg3NGI0OTc3NDcwZGQ1Zjc0Mjc4NjljZTI1MzFiYjg4Nzp7ImFkbWluaXN0cmF0b3IiOiJhZG1pbmlzdHJhdG9yIiwiZGVzY3JpcHRpb24iOiJkZXNjcmlwdGlvbiIsIl9hdXRoX3VzZXJfaWQiOjksInNvcnRfb24iOiJmaXJzdF9uYW1lIiwiX2F1dGhfdXNlcl9iYWNrZW5kIjoiZGphbmdvLmNvbnRyaWIuYXV0aC5iYWNrZW5kcy5Nb2RlbEJhY2tlbmQiLCJkIjp7Im9yZ2FuaXphdGlvbiI6Im9yZ2FuaXphdGlvbiIsImZpcnN0X25hbWUiOiIrZmlyc3RfbmFtZSIsImRlc2lnbmF0aW9uIjoiZGVzaWduYXRpb24ifSwibmFtZSI6IituYW1lIn0="}}, {"pk": "d0puwmbilamhjmh316hcvrpc2d6l6lo3", "model": "sessions.session", "fields": {"expire_date": "2014-06-06T06:55:06.674Z", "session_data": "ZjUzOWQwZDRmOTQ5YjJiOTQ3YzJlNzZlOTE4MTc1YmZlYmY1YTMwMzp7fQ=="}}, {"pk": "ejrkgkm0yyn6dx45sq3tpvz389w3in34", "model": "sessions.session", "fields": {"expire_date": "2014-05-19T12:14:17.962Z", "session_data": "NDZiY2RkMjg3NGI0OTc3NDcwZGQ1Zjc0Mjc4NjljZTI1MzFiYjg4Nzp7ImFkbWluaXN0cmF0b3IiOiJhZG1pbmlzdHJhdG9yIiwiZGVzY3JpcHRpb24iOiJkZXNjcmlwdGlvbiIsIl9hdXRoX3VzZXJfaWQiOjksInNvcnRfb24iOiJmaXJzdF9uYW1lIiwiX2F1dGhfdXNlcl9iYWNrZW5kIjoiZGphbmdvLmNvbnRyaWIuYXV0aC5iYWNrZW5kcy5Nb2RlbEJhY2tlbmQiLCJkIjp7Im9yZ2FuaXphdGlvbiI6Im9yZ2FuaXphdGlvbiIsImZpcnN0X25hbWUiOiIrZmlyc3RfbmFtZSIsImRlc2lnbmF0aW9uIjoiZGVzaWduYXRpb24ifSwibmFtZSI6IituYW1lIn0="}}, {"pk": "eveq8xyfljrsurreayqi4u36cuxznj2o", "model": "sessions.session", "fields": {"expire_date": "2014-04-25T10:09:13.994Z", "session_data": "ZmIzZjY5MGIwZTg1ZWM1OTc0NWVmY2RmNTc4YmVjNmNlMjMyNTdiODp7ImFkbWluaXN0cmF0b3IiOiJhZG1pbmlzdHJhdG9yIiwiX2F1dGhfdXNlcl9pZCI6OSwiZGVzY3JpcHRpb24iOiJkZXNjcmlwdGlvbiIsIl9hdXRoX3VzZXJfYmFja2VuZCI6ImRqYW5nby5jb250cmliLmF1dGguYmFja2VuZHMuTW9kZWxCYWNrZW5kIiwibmFtZSI6IituYW1lIn0="}}, {"pk": "fb65pn0qmha75c439iwqz467ziwxvq4x", "model": "sessions.session", "fields": {"expire_date": "2014-04-21T13:55:43.667Z", "session_data": "MmI3YTE3NWQ2NzBhNzNhNGVhMjVjNjkxMjRjNTcyMzk1MTVhOGJiODp7Il9hdXRoX3VzZXJfYmFja2VuZCI6ImRqYW5nby5jb250cmliLmF1dGguYmFja2VuZHMuTW9kZWxCYWNrZW5kIiwiX2F1dGhfdXNlcl9pZCI6OX0="}}, {"pk": "fl09wk4ch2rimx9nk6runraifsnuynkx", "model": "sessions.session", "fields": {"expire_date": "2014-04-01T06:03:51.478Z", "session_data": "MmI3YTE3NWQ2NzBhNzNhNGVhMjVjNjkxMjRjNTcyMzk1MTVhOGJiODp7Il9hdXRoX3VzZXJfYmFja2VuZCI6ImRqYW5nby5jb250cmliLmF1dGguYmFja2VuZHMuTW9kZWxCYWNrZW5kIiwiX2F1dGhfdXNlcl9pZCI6OX0="}}, {"pk": "frfnjkdz103uegyx12qw1p34gz70ovzl", "model": "sessions.session", "fields": {"expire_date": "2014-05-06T10:52:49.757Z", "session_data": "YWQ2NjVhYTQ5ZmMyNjE2ZTFmNjcxYmQ0MjI1ZjVkYmE5NmUwMjZjZDp7ImFkbWluaXN0cmF0b3IiOiJhZG1pbmlzdHJhdG9yIiwiZGVzY3JpcHRpb24iOiJkZXNjcmlwdGlvbiIsIl9hdXRoX3VzZXJfaWQiOjksInNvcnRfb24iOiJuYW1lIiwiX2F1dGhfdXNlcl9iYWNrZW5kIjoiZGphbmdvLmNvbnRyaWIuYXV0aC5iYWNrZW5kcy5Nb2RlbEJhY2tlbmQiLCJuYW1lIjoiK25hbWUiLCJkIjp7Im5hbWUiOiIrbmFtZSIsImRlc2NyaXB0aW9uIjoiZGVzY3JpcHRpb24ifX0="}}, {"pk": "ft22j96jtj60cjaym4bteby0oaf57l37", "model": "sessions.session", "fields": {"expire_date": "2014-06-06T05:09:51.108Z", "session_data": "MmI3YTE3NWQ2NzBhNzNhNGVhMjVjNjkxMjRjNTcyMzk1MTVhOGJiODp7Il9hdXRoX3VzZXJfYmFja2VuZCI6ImRqYW5nby5jb250cmliLmF1dGguYmFja2VuZHMuTW9kZWxCYWNrZW5kIiwiX2F1dGhfdXNlcl9pZCI6OX0="}}, {"pk": "g1br0ss9xtotj9dkqw8tehls1gp03e02", "model": "sessions.session", "fields": {"expire_date": "2014-04-22T07:45:23.746Z", "session_data": "MmI3YTE3NWQ2NzBhNzNhNGVhMjVjNjkxMjRjNTcyMzk1MTVhOGJiODp7Il9hdXRoX3VzZXJfYmFja2VuZCI6ImRqYW5nby5jb250cmliLmF1dGguYmFja2VuZHMuTW9kZWxCYWNrZW5kIiwiX2F1dGhfdXNlcl9pZCI6OX0="}}, {"pk": "gav7p37p8tjm7pve6pls80cxpm1016cy", "model": "sessions.session", "fields": {"expire_date": "2014-04-16T07:18:02.881Z", "session_data": "YTYxNmQxMTNkOTQ2MzFkNGE1ZTYxMzc2ZWI5MmM0ODYzNmM3NjhjMjp7Il9hdXRoX3VzZXJfYmFja2VuZCI6ImRqYW5nby5jb250cmliLmF1dGguYmFja2VuZHMuTW9kZWxCYWNrZW5kIiwiX2F1dGhfdXNlcl9pZCI6MTB9"}}, {"pk": "gk1eixrfuis4budbokh1b76s1wtqnz4q", "model": "sessions.session", "fields": {"expire_date": "2014-05-16T13:10:26.738Z", "session_data": "MWUyMmZmMTc0OGU2M2ZiYjdiYTZlNGJmODNmZjRlMTM1ZTZlMTVkYzp7ImFkbWluaXN0cmF0b3IiOiJhZG1pbmlzdHJhdG9yIiwiZGVzY3JpcHRpb24iOiJkZXNjcmlwdGlvbiIsIl9hdXRoX3VzZXJfaWQiOjksInNvcnRfb24iOiJmaXJzdF9uYW1lIiwiX2F1dGhfdXNlcl9iYWNrZW5kIjoiZGphbmdvLmNvbnRyaWIuYXV0aC5iYWNrZW5kcy5Nb2RlbEJhY2tlbmQiLCJuYW1lIjoiK25hbWUiLCJkIjp7Im9yZ2FuaXphdGlvbiI6Im9yZ2FuaXphdGlvbiIsImZpcnN0X25hbWUiOiIrZmlyc3RfbmFtZSIsImRlc2lnbmF0aW9uIjoiZGVzaWduYXRpb24ifX0="}}, {"pk": "h51h4pswuio0t704hpra433jzuuqx2at", "model": "sessions.session", "fields": {"expire_date": "2014-04-10T08:04:11.246Z", "session_data": "MmI3YTE3NWQ2NzBhNzNhNGVhMjVjNjkxMjRjNTcyMzk1MTVhOGJiODp7Il9hdXRoX3VzZXJfYmFja2VuZCI6ImRqYW5nby5jb250cmliLmF1dGguYmFja2VuZHMuTW9kZWxCYWNrZW5kIiwiX2F1dGhfdXNlcl9pZCI6OX0="}}, {"pk": "h57sufhy0n6z397lt1uuu9ya27bmypca", "model": "sessions.session", "fields": {"expire_date": "2014-05-08T07:33:32.087Z", "session_data": "MjljZmRkZDkzYmU3MTdiNTg0ZmRmYWFjNmIzMGM5OWNlMGUxZWUxNjp7ImFkbWluaXN0cmF0b3IiOiJhZG1pbmlzdHJhdG9yIiwiZGVzY3JpcHRpb24iOiJkZXNjcmlwdGlvbiIsIl9hdXRoX3VzZXJfaWQiOjksIl9hdXRoX3VzZXJfYmFja2VuZCI6ImRqYW5nby5jb250cmliLmF1dGguYmFja2VuZHMuTW9kZWxCYWNrZW5kIiwibmFtZSI6IituYW1lIn0="}}, {"pk": "hb857ret3w6toq31k8ak3vueu3iqbep5", "model": "sessions.session", "fields": {"expire_date": "2014-03-16T10:34:47.021Z", "session_data": "ZjUzOWQwZDRmOTQ5YjJiOTQ3YzJlNzZlOTE4MTc1YmZlYmY1YTMwMzp7fQ=="}}, {"pk": "huakfrhr3k4g6eo6i2u9iecwyr688dft", "model": "sessions.session", "fields": {"expire_date": "2014-04-09T04:16:05.447Z", "session_data": "MmI3YTE3NWQ2NzBhNzNhNGVhMjVjNjkxMjRjNTcyMzk1MTVhOGJiODp7Il9hdXRoX3VzZXJfYmFja2VuZCI6ImRqYW5nby5jb250cmliLmF1dGguYmFja2VuZHMuTW9kZWxCYWNrZW5kIiwiX2F1dGhfdXNlcl9pZCI6OX0="}}, {"pk": "i57lamivz3alrssd0qzat2mw72hy75ox", "model": "sessions.session", "fields": {"expire_date": "2014-05-12T13:23:44.699Z", "session_data": "MWUyMmZmMTc0OGU2M2ZiYjdiYTZlNGJmODNmZjRlMTM1ZTZlMTVkYzp7ImFkbWluaXN0cmF0b3IiOiJhZG1pbmlzdHJhdG9yIiwiZGVzY3JpcHRpb24iOiJkZXNjcmlwdGlvbiIsIl9hdXRoX3VzZXJfaWQiOjksInNvcnRfb24iOiJmaXJzdF9uYW1lIiwiX2F1dGhfdXNlcl9iYWNrZW5kIjoiZGphbmdvLmNvbnRyaWIuYXV0aC5iYWNrZW5kcy5Nb2RlbEJhY2tlbmQiLCJuYW1lIjoiK25hbWUiLCJkIjp7Im9yZ2FuaXphdGlvbiI6Im9yZ2FuaXphdGlvbiIsImZpcnN0X25hbWUiOiIrZmlyc3RfbmFtZSIsImRlc2lnbmF0aW9uIjoiZGVzaWduYXRpb24ifX0="}}, {"pk": "iffpgp8ednxgnirtsq3j7oelgp1icnu3", "model": "sessions.session", "fields": {"expire_date": "2014-04-03T08:45:29.701Z", "session_data": "MmI3YTE3NWQ2NzBhNzNhNGVhMjVjNjkxMjRjNTcyMzk1MTVhOGJiODp7Il9hdXRoX3VzZXJfYmFja2VuZCI6ImRqYW5nby5jb250cmliLmF1dGguYmFja2VuZHMuTW9kZWxCYWNrZW5kIiwiX2F1dGhfdXNlcl9pZCI6OX0="}}, {"pk": "ii9rkvwfr55vnax7ufwa9882v1f7s5ph", "model": "sessions.session", "fields": {"expire_date": "2014-04-24T11:36:01.309Z", "session_data": "OGYxNzFiNjgzOTBjNGFjMjUzMjBmMDllMjliMzE4YTJmOWY0NDdhZDp7ImFkbWluaXN0cmF0b3IiOiJhZG1pbmlzdHJhdG9yIiwiZGVzY3JpcHRpb24iOiJkZXNjcmlwdGlvbiIsIl9hdXRoX3VzZXJfaWQiOjksInRpdGxlIjoiK3RpdGxlIiwiayI6ImsiLCJzb3J0X29uIjoidGl0bGUiLCJfYXV0aF91c2VyX2JhY2tlbmQiOiJkamFuZ28uY29udHJpYi5hdXRoLmJhY2tlbmRzLk1vZGVsQmFja2VuZCIsIm5hbWUiOiIrbmFtZSIsImQiOnsiZGVzY3JpcHRpb24iOiJkZXNjcmlwdGlvbiIsInRpdGxlIjoiLXRpdGxlIn19"}}, {"pk": "ireog95cwzxcrw9jc6db2bvn7dxr3a0a", "model": "sessions.session", "fields": {"expire_date": "2014-04-07T05:55:40.597Z", "session_data": "ZjUzOWQwZDRmOTQ5YjJiOTQ3YzJlNzZlOTE4MTc1YmZlYmY1YTMwMzp7fQ=="}}, {"pk": "iuhbmcmwtlgpxr8bysg4gdzdyete66p6", "model": "sessions.session", "fields": {"expire_date": "2014-04-07T11:15:50.924Z", "session_data": "ZjUzOWQwZDRmOTQ5YjJiOTQ3YzJlNzZlOTE4MTc1YmZlYmY1YTMwMzp7fQ=="}}, {"pk": "j5i8mhxlkfflv89egf5ijmw1ap7n3c8i", "model": "sessions.session", "fields": {"expire_date": "2014-04-17T05:41:00.545Z", "session_data": "MmI3YTE3NWQ2NzBhNzNhNGVhMjVjNjkxMjRjNTcyMzk1MTVhOGJiODp7Il9hdXRoX3VzZXJfYmFja2VuZCI6ImRqYW5nby5jb250cmliLmF1dGguYmFja2VuZHMuTW9kZWxCYWNrZW5kIiwiX2F1dGhfdXNlcl9pZCI6OX0="}}, {"pk": "jtnvdc9eznuile9roa3qg8myj61ku7dt", "model": "sessions.session", "fields": {"expire_date": "2014-06-04T05:32:11.527Z", "session_data": "MGQ1ODgwMjE5ZjE2ODgxMWUxNjlhMjYyZGViOGFjMTI4NzMzOWM1ODp7InNvcnRfb3JkZXIiOiJBU0MiLCJfYXV0aF91c2VyX2JhY2tlbmQiOiJkamFuZ28uY29udHJpYi5hdXRoLmJhY2tlbmRzLk1vZGVsQmFja2VuZCIsIl9hdXRoX3VzZXJfaWQiOjksInNvcnRfYnkiOiJ1c2VyIn0="}}, {"pk": "k6lktni8tjbd6uft6uolifftdr19pq1o", "model": "sessions.session", "fields": {"expire_date": "2014-04-25T10:37:54.871Z", "session_data": "ZmIzZjY5MGIwZTg1ZWM1OTc0NWVmY2RmNTc4YmVjNmNlMjMyNTdiODp7ImFkbWluaXN0cmF0b3IiOiJhZG1pbmlzdHJhdG9yIiwiX2F1dGhfdXNlcl9pZCI6OSwiZGVzY3JpcHRpb24iOiJkZXNjcmlwdGlvbiIsIl9hdXRoX3VzZXJfYmFja2VuZCI6ImRqYW5nby5jb250cmliLmF1dGguYmFja2VuZHMuTW9kZWxCYWNrZW5kIiwibmFtZSI6IituYW1lIn0="}}, {"pk": "k6mf6rywc6tvg8b6qwzx8gh2idquvdvw", "model": "sessions.session", "fields": {"expire_date": "2014-05-08T13:16:42.245Z", "session_data": "MmJlODRjNTYwZmRhYmU5ZmUwODJhZGU2MjY1NTU1MTM2ZjEyNzE2Yzp7ImFkbWluaXN0cmF0b3IiOiJhZG1pbmlzdHJhdG9yIiwiZGVzY3JpcHRpb24iOiJkZXNjcmlwdGlvbiIsIl9hdXRoX3VzZXJfaWQiOjksInNvcnRfb24iOiJkZXNjcmlwdGlvbiIsIl9hdXRoX3VzZXJfYmFja2VuZCI6ImRqYW5nby5jb250cmliLmF1dGguYmFja2VuZHMuTW9kZWxCYWNrZW5kIiwiZCI6eyJkZXNjcmlwdGlvbiI6IitkZXNjcmlwdGlvbiIsInRpdGxlIjoiaXRsZSJ9LCJuYW1lIjoiK25hbWUifQ=="}}, {"pk": "mka2yt2gwydgd7eezvwfesrsefo0x0g9", "model": "sessions.session", "fields": {"expire_date": "2014-03-19T10:33:46.402Z", "session_data": "MzA0NTQ4ZDhlMmQzMWQwODE0MTNmNDcwMDQ0YzVkNWFmMzIxZjUzMjp7Il9hdXRoX3VzZXJfYmFja2VuZCI6ImRqYW5nby5jb250cmliLmF1dGguYmFja2VuZHMuTW9kZWxCYWNrZW5kIiwiX2F1dGhfdXNlcl9pZCI6MX0="}}, {"pk": "mokgcbj7m6q6m7zft99gzkgcwmbzv9w3", "model": "sessions.session", "fields": {"expire_date": "2014-05-09T07:27:19.075Z", "session_data": "MWUyMmZmMTc0OGU2M2ZiYjdiYTZlNGJmODNmZjRlMTM1ZTZlMTVkYzp7ImFkbWluaXN0cmF0b3IiOiJhZG1pbmlzdHJhdG9yIiwiZGVzY3JpcHRpb24iOiJkZXNjcmlwdGlvbiIsIl9hdXRoX3VzZXJfaWQiOjksInNvcnRfb24iOiJmaXJzdF9uYW1lIiwiX2F1dGhfdXNlcl9iYWNrZW5kIjoiZGphbmdvLmNvbnRyaWIuYXV0aC5iYWNrZW5kcy5Nb2RlbEJhY2tlbmQiLCJuYW1lIjoiK25hbWUiLCJkIjp7Im9yZ2FuaXphdGlvbiI6Im9yZ2FuaXphdGlvbiIsImZpcnN0X25hbWUiOiIrZmlyc3RfbmFtZSIsImRlc2lnbmF0aW9uIjoiZGVzaWduYXRpb24ifX0="}}, {"pk": "mpyr0jjpobyp984rar5khwusxxsajyna", "model": "sessions.session", "fields": {"expire_date": "2014-04-23T10:01:13.992Z", "session_data": "NmY0YjMwNmFhMzk1OThkZmE1ODBiNTBjNmFiYzVjMjNiNjg2MDc2ODp7Im5hbWUiOiIrbmFtZSIsIl9hdXRoX3VzZXJfaWQiOjEwLCJkZXNjcmlwdGlvbiI6ImRlc2NyaXB0aW9uIiwiX2F1dGhfdXNlcl9iYWNrZW5kIjoiZGphbmdvLmNvbnRyaWIuYXV0aC5iYWNrZW5kcy5Nb2RlbEJhY2tlbmQiLCJ0aXRsZSI6Iit0aXRsZSJ9"}}, {"pk": "mt9ajfpyui1oevbaoosgvt93cixi2w34", "model": "sessions.session", "fields": {"expire_date": "2014-04-18T09:20:03.127Z", "session_data": "MmI3YTE3NWQ2NzBhNzNhNGVhMjVjNjkxMjRjNTcyMzk1MTVhOGJiODp7Il9hdXRoX3VzZXJfYmFja2VuZCI6ImRqYW5nby5jb250cmliLmF1dGguYmFja2VuZHMuTW9kZWxCYWNrZW5kIiwiX2F1dGhfdXNlcl9pZCI6OX0="}}, {"pk": "oxkdt31nw73gpqv6i149zx2iyappilz4", "model": "sessions.session", "fields": {"expire_date": "2014-05-19T09:23:42.744Z", "session_data": "NDZiY2RkMjg3NGI0OTc3NDcwZGQ1Zjc0Mjc4NjljZTI1MzFiYjg4Nzp7ImFkbWluaXN0cmF0b3IiOiJhZG1pbmlzdHJhdG9yIiwiZGVzY3JpcHRpb24iOiJkZXNjcmlwdGlvbiIsIl9hdXRoX3VzZXJfaWQiOjksInNvcnRfb24iOiJmaXJzdF9uYW1lIiwiX2F1dGhfdXNlcl9iYWNrZW5kIjoiZGphbmdvLmNvbnRyaWIuYXV0aC5iYWNrZW5kcy5Nb2RlbEJhY2tlbmQiLCJkIjp7Im9yZ2FuaXphdGlvbiI6Im9yZ2FuaXphdGlvbiIsImZpcnN0X25hbWUiOiIrZmlyc3RfbmFtZSIsImRlc2lnbmF0aW9uIjoiZGVzaWduYXRpb24ifSwibmFtZSI6IituYW1lIn0="}}, {"pk": "pl1pvrnqscc9s9u37wvcuohg0jnd15py", "model": "sessions.session", "fields": {"expire_date": "2014-05-13T11:30:15.323Z", "session_data": "ZjUzOWQwZDRmOTQ5YjJiOTQ3YzJlNzZlOTE4MTc1YmZlYmY1YTMwMzp7fQ=="}}, {"pk": "pnngwdk905ft0muojlmfaricusu47pfe", "model": "sessions.session", "fields": {"expire_date": "2014-04-07T07:24:34.848Z", "session_data": "MmI3YTE3NWQ2NzBhNzNhNGVhMjVjNjkxMjRjNTcyMzk1MTVhOGJiODp7Il9hdXRoX3VzZXJfYmFja2VuZCI6ImRqYW5nby5jb250cmliLmF1dGguYmFja2VuZHMuTW9kZWxCYWNrZW5kIiwiX2F1dGhfdXNlcl9pZCI6OX0="}}, {"pk": "pxzjstchc1gz56rlz3u0un4ya8nlng6u", "model": "sessions.session", "fields": {"expire_date": "2014-04-17T06:10:28.621Z", "session_data": "MzA0NTQ4ZDhlMmQzMWQwODE0MTNmNDcwMDQ0YzVkNWFmMzIxZjUzMjp7Il9hdXRoX3VzZXJfYmFja2VuZCI6ImRqYW5nby5jb250cmliLmF1dGguYmFja2VuZHMuTW9kZWxCYWNrZW5kIiwiX2F1dGhfdXNlcl9pZCI6MX0="}}, {"pk": "q1t7gxtrdmbmv09xz31ja1ou3lsxjio9", "model": "sessions.session", "fields": {"expire_date": "2014-04-07T11:16:12.753Z", "session_data": "MmI3YTE3NWQ2NzBhNzNhNGVhMjVjNjkxMjRjNTcyMzk1MTVhOGJiODp7Il9hdXRoX3VzZXJfYmFja2VuZCI6ImRqYW5nby5jb250cmliLmF1dGguYmFja2VuZHMuTW9kZWxCYWNrZW5kIiwiX2F1dGhfdXNlcl9pZCI6OX0="}}, {"pk": "qjes3ln530hmycly25utiaizke9jhwej", "model": "sessions.session", "fields": {"expire_date": "2014-05-13T08:42:05.786Z", "session_data": "YzU2NGE5YTk2MzdkOWMzMjQxMTNhMzFkYzQzZjFlYzRjNGZkNjdhNjp7ImFkbWluaXN0cmF0b3IiOiJhZG1pbmlzdHJhdG9yIiwiZGVzY3JpcHRpb24iOiIrZGVzY3JpcHRpb24iLCJfYXV0aF91c2VyX2lkIjo5LCJzb3J0X29uIjoidGl0bGUiLCJfYXV0aF91c2VyX2JhY2tlbmQiOiJkamFuZ28uY29udHJpYi5hdXRoLmJhY2tlbmRzLk1vZGVsQmFja2VuZCIsImQiOnsiZGVzY3JpcHRpb24iOiJkZXNjcmlwdGlvbiIsInRpdGxlIjoiK3RpdGxlIn0sIm5hbWUiOiJuYW1lIn0="}}, {"pk": "rd7fd25pkff5u5z9ogv8qwexspelz5jh", "model": "sessions.session", "fields": {"expire_date": "2014-05-09T04:45:22.024Z", "session_data": "NWEwNWVhMjg5MDlkY2FiZjIzZmY3ZDI2Y2Q2NmU3OTg0NDQ2NGYzYTp7ImFkbWluaXN0cmF0b3IiOiJhZG1pbmlzdHJhdG9yIiwiZGVzY3JpcHRpb24iOiJkZXNjcmlwdGlvbiIsIl9hdXRoX3VzZXJfaWQiOjksInNvcnRfb24iOiJ0aXRsZSIsIl9hdXRoX3VzZXJfYmFja2VuZCI6ImRqYW5nby5jb250cmliLmF1dGguYmFja2VuZHMuTW9kZWxCYWNrZW5kIiwiZCI6eyJkZXNjcmlwdGlvbiI6ImRlc2NyaXB0aW9uIiwidGl0bGUiOiIrdGl0bGUifSwibmFtZSI6IituYW1lIn0="}}, {"pk": "skxxbbh9v5zebn76rbtgjhepjmg1slhm", "model": "sessions.session", "fields": {"expire_date": "2014-05-13T09:07:30.052Z", "session_data": "ZjUzOWQwZDRmOTQ5YjJiOTQ3YzJlNzZlOTE4MTc1YmZlYmY1YTMwMzp7fQ=="}}, {"pk": "sv6n9qcb5jar4a3thoi9ydigedutc3hf", "model": "sessions.session", "fields": {"expire_date": "2014-05-12T10:58:43.695Z", "session_data": "ZjUzOWQwZDRmOTQ5YjJiOTQ3YzJlNzZlOTE4MTc1YmZlYmY1YTMwMzp7fQ=="}}, {"pk": "svdch8dau966rnqzwwjpryqvwybgyaty", "model": "sessions.session", "fields": {"expire_date": "2014-06-03T14:11:59.452Z", "session_data": "Y2EwOTY5MDBlN2FkYTEwNDdkMzM5YTUwYTM2MThmNjg5MDY1NmQxMzp7InNvcnRfb3JkZXIiOiJBU0MiLCJfYXV0aF91c2VyX2JhY2tlbmQiOiJkamFuZ28uY29udHJpYi5hdXRoLmJhY2tlbmRzLk1vZGVsQmFja2VuZCIsIl9hdXRoX3VzZXJfaWQiOjksInNvcnRfYnkiOiJ1c2VyX191c2VybmFtZSJ9"}}, {"pk": "ttjcp7tnd0qsope9ashzrf6y88dvomin", "model": "sessions.session", "fields": {"expire_date": "2014-04-04T06:32:54.179Z", "session_data": "MmI3YTE3NWQ2NzBhNzNhNGVhMjVjNjkxMjRjNTcyMzk1MTVhOGJiODp7Il9hdXRoX3VzZXJfYmFja2VuZCI6ImRqYW5nby5jb250cmliLmF1dGguYmFja2VuZHMuTW9kZWxCYWNrZW5kIiwiX2F1dGhfdXNlcl9pZCI6OX0="}}, {"pk": "tzo57zew5szpjb5s4clxf349m3qsdz2l", "model": "sessions.session", "fields": {"expire_date": "2014-05-29T05:41:06.436Z", "session_data": "ZjUzOWQwZDRmOTQ5YjJiOTQ3YzJlNzZlOTE4MTc1YmZlYmY1YTMwMzp7fQ=="}}, {"pk": "u9urp3srl0dmb4jev0qvhs8w2qkj3iql", "model": "sessions.session", "fields": {"expire_date": "2014-06-06T07:00:31.491Z", "session_data": "OTcyOWNkYmRlYzNkMzY0NzkyMGVkYzNmMWE1MWJlMWNmYmM4MzIxOTp7Il9hdXRoX3VzZXJfaWQiOjksIl9hdXRoX3VzZXJfYmFja2VuZCI6ImRqYW5nby5jb250cmliLmF1dGguYmFja2VuZHMuTW9kZWxCYWNrZW5kIn0="}}, {"pk": "us8ezr84d27ltg0p2b46nbe783c53n50", "model": "sessions.session", "fields": {"expire_date": "2014-05-23T12:51:38.308Z", "session_data": "MWUyMmZmMTc0OGU2M2ZiYjdiYTZlNGJmODNmZjRlMTM1ZTZlMTVkYzp7ImFkbWluaXN0cmF0b3IiOiJhZG1pbmlzdHJhdG9yIiwiZGVzY3JpcHRpb24iOiJkZXNjcmlwdGlvbiIsIl9hdXRoX3VzZXJfaWQiOjksInNvcnRfb24iOiJmaXJzdF9uYW1lIiwiX2F1dGhfdXNlcl9iYWNrZW5kIjoiZGphbmdvLmNvbnRyaWIuYXV0aC5iYWNrZW5kcy5Nb2RlbEJhY2tlbmQiLCJuYW1lIjoiK25hbWUiLCJkIjp7Im9yZ2FuaXphdGlvbiI6Im9yZ2FuaXphdGlvbiIsImZpcnN0X25hbWUiOiIrZmlyc3RfbmFtZSIsImRlc2lnbmF0aW9uIjoiZGVzaWduYXRpb24ifX0="}}, {"pk": "uy2r1pn2z9o82y5i0xkqvjlu8nen8uzq", "model": "sessions.session", "fields": {"expire_date": "2014-04-08T04:37:20.885Z", "session_data": "MmI3YTE3NWQ2NzBhNzNhNGVhMjVjNjkxMjRjNTcyMzk1MTVhOGJiODp7Il9hdXRoX3VzZXJfYmFja2VuZCI6ImRqYW5nby5jb250cmliLmF1dGguYmFja2VuZHMuTW9kZWxCYWNrZW5kIiwiX2F1dGhfdXNlcl9pZCI6OX0="}}, {"pk": "vs6zj0oewgkkd571ktztdipc3rhjkva5", "model": "sessions.session", "fields": {"expire_date": "2014-05-29T05:48:03.817Z", "session_data": "ZjUzOWQwZDRmOTQ5YjJiOTQ3YzJlNzZlOTE4MTc1YmZlYmY1YTMwMzp7fQ=="}}, {"pk": "w57itprcza8zew95wavosplm4gx3r9sl", "model": "sessions.session", "fields": {"expire_date": "2014-04-02T08:56:00.114Z", "session_data": "MzA0NTQ4ZDhlMmQzMWQwODE0MTNmNDcwMDQ0YzVkNWFmMzIxZjUzMjp7Il9hdXRoX3VzZXJfYmFja2VuZCI6ImRqYW5nby5jb250cmliLmF1dGguYmFja2VuZHMuTW9kZWxCYWNrZW5kIiwiX2F1dGhfdXNlcl9pZCI6MX0="}}, {"pk": "waqxcc8v8lbjbt8aak9fvcrqadgquyds", "model": "sessions.session", "fields": {"expire_date": "2014-05-30T12:41:11.482Z", "session_data": "NDZiY2RkMjg3NGI0OTc3NDcwZGQ1Zjc0Mjc4NjljZTI1MzFiYjg4Nzp7ImFkbWluaXN0cmF0b3IiOiJhZG1pbmlzdHJhdG9yIiwiZGVzY3JpcHRpb24iOiJkZXNjcmlwdGlvbiIsIl9hdXRoX3VzZXJfaWQiOjksInNvcnRfb24iOiJmaXJzdF9uYW1lIiwiX2F1dGhfdXNlcl9iYWNrZW5kIjoiZGphbmdvLmNvbnRyaWIuYXV0aC5iYWNrZW5kcy5Nb2RlbEJhY2tlbmQiLCJkIjp7Im9yZ2FuaXphdGlvbiI6Im9yZ2FuaXphdGlvbiIsImZpcnN0X25hbWUiOiIrZmlyc3RfbmFtZSIsImRlc2lnbmF0aW9uIjoiZGVzaWduYXRpb24ifSwibmFtZSI6IituYW1lIn0="}}, {"pk": "x12yufgckhp5obpn18hx70daco4356vt", "model": "sessions.session", "fields": {"expire_date": "2014-03-17T11:49:50.208Z", "session_data": "MzA0NTQ4ZDhlMmQzMWQwODE0MTNmNDcwMDQ0YzVkNWFmMzIxZjUzMjp7Il9hdXRoX3VzZXJfYmFja2VuZCI6ImRqYW5nby5jb250cmliLmF1dGguYmFja2VuZHMuTW9kZWxCYWNrZW5kIiwiX2F1dGhfdXNlcl9pZCI6MX0="}}, {"pk": "xahgdnda1xyooazm7q8esud1efxqp0vu", "model": "sessions.session", "fields": {"expire_date": "2014-05-14T06:39:24.166Z", "session_data": "YmJhNzMwMDNjNTQwYzc3NDgwNGE2YmJkYWYzZmNjMzZkNzRmM2EzMjp7ImFkbWluaXN0cmF0b3IiOiJhZG1pbmlzdHJhdG9yIiwiZGVzY3JpcHRpb24iOiJkZXNjcmlwdGlvbiIsIl9hdXRoX3VzZXJfaWQiOjksInNvcnRfb24iOiJ0aXRsZSIsIl9hdXRoX3VzZXJfYmFja2VuZCI6ImRqYW5nby5jb250cmliLmF1dGguYmFja2VuZHMuTW9kZWxCYWNrZW5kIiwibmFtZSI6IituYW1lIiwiZCI6eyJkZXNjcmlwdGlvbiI6ImRlc2NyaXB0aW9uIiwidGl0bGUiOiIrdGl0bGUifX0="}}, {"pk": "xd74qfa8wui8yn354ql75z7pxy3bcok0", "model": "sessions.session", "fields": {"expire_date": "2014-04-02T09:09:29.414Z", "session_data": "MzA0NTQ4ZDhlMmQzMWQwODE0MTNmNDcwMDQ0YzVkNWFmMzIxZjUzMjp7Il9hdXRoX3VzZXJfYmFja2VuZCI6ImRqYW5nby5jb250cmliLmF1dGguYmFja2VuZHMuTW9kZWxCYWNrZW5kIiwiX2F1dGhfdXNlcl9pZCI6MX0="}}, {"pk": "yhpk36mdudz35wgzxe4qa98nrbtognye", "model": "sessions.session", "fields": {"expire_date": "2014-03-28T12:50:43.317Z", "session_data": "ZjUzOWQwZDRmOTQ5YjJiOTQ3YzJlNzZlOTE4MTc1YmZlYmY1YTMwMzp7fQ=="}}, {"pk": "zxet676ors6xquwfpmvjhj40c6a2wu9d", "model": "sessions.session", "fields": {"expire_date": "2014-03-28T13:20:44.571Z", "session_data": "MmI3YTE3NWQ2NzBhNzNhNGVhMjVjNjkxMjRjNTcyMzk1MTVhOGJiODp7Il9hdXRoX3VzZXJfYmFja2VuZCI6ImRqYW5nby5jb250cmliLmF1dGguYmFja2VuZHMuTW9kZWxCYWNrZW5kIiwiX2F1dGhfdXNlcl9pZCI6OX0="}}, {"pk": 1, "model": "organization.address", "fields": {"city": "", "state": "", "street": "", "apartment": "", "zipcode": ""}}, {"pk": 2, "model": "organization.address", "fields": {"city": "", "state": "", "street": "", "apartment": "", "zipcode": ""}}, {"pk": 3, "model": "organization.address", "fields": {"city": "", "state": "", "street": "", "apartment": "", "zipcode": ""}}, {"pk": 4, "model": "organization.address", "fields": {"city": "", "state": "", "street": "", "apartment": "", "zipcode": ""}}, {"pk": 5, "model": "organization.address", "fields": {"city": "", "state": "", "street": "", "apartment": "", "zipcode": ""}}, {"pk": 6, "model": "organization.address", "fields": {"city": "", "state": "", "street": "", "apartment": "", "zipcode": ""}}, {"pk": 7, "model": "organization.address", "fields": {"city": "pune", "state": "maharashtra", "street": "pune-satara", "apartment": "shital", "zipcode": "411043"}}, {"pk": 8, "model": "organization.address", "fields": {"city": "pune", "state": "maharashtra", "street": "pune-satara", "apartment": "shital", "zipcode": "41043"}}, {"pk": 9, "model": "organization.address", "fields": {"city": "pune", "state": "", "street": "", "apartment": "", "zipcode": ""}}, {"pk": 10, "model": "organization.address", "fields": {"city": "pune", "state": "maha", "street": "pune-satara", "apartment": "xyz", "zipcode": "411045"}}, {"pk": 11, "model": "organization.address", "fields": {"city": "pune", "state": "maharashtra", "street": "pune-satara", "apartment": "xyz", "zipcode": "411045"}}, {"pk": 12, "model": "organization.address", "fields": {"city": "pune", "state": "maha", "street": "pune-satara", "apartment": "xyz", "zipcode": "411045"}}, {"pk": 13, "model": "organization.address", "fields": {"city": "pune", "state": "maharashtra", "street": "pune-satara", "apartment": "xyz", "zipcode": "411045"}}, {"pk": 14, "model": "organization.address", "fields": {"city": "pune", "state": "", "street": "", "apartment": "", "zipcode": "411045"}}, {"pk": 15, "model": "organization.address", "fields": {"city": "pune", "state": "", "street": "", "apartment": "", "zipcode": ""}}, {"pk": 16, "model": "organization.address", "fields": {"city": "pune", "state": "maharashtra", "street": "pune-satara", "apartment": "xyz", "zipcode": "411045"}}, {"pk": 17, "model": "organization.address", "fields": {"city": "pune", "state": "maha", "street": "pune-satara", "apartment": "xyz", "zipcode": "411045"}}, {"pk": 20, "model": "organization.address", "fields": {"city": "", "state": "", "street": "", "apartment": "", "zipcode": ""}}, {"pk": 21, "model": "organization.address", "fields": {"city": "pune", "state": "", "street": "", "apartment": "", "zipcode": ""}}, {"pk": 22, "model": "organization.address", "fields": {"city": "pune", "state": "maharashtra", "street": "pune-satara", "apartment": "tower no 2", "zipcode": "411050"}}, {"pk": 23, "model": "organization.address", "fields": {"city": "pune", "state": "", "street": "Senapati Bapat Road", "apartment": "", "zipcode": ""}}, {"pk": 24, "model": "organization.address", "fields": {"city": "", "state": "", "street": "", "apartment": "", "zipcode": ""}}, {"pk": 25, "model": "organization.address", "fields": {"city": "", "state": "", "street": "", "apartment": "", "zipcode": ""}}, {"pk": 26, "model": "organization.address", "fields": {"city": "", "state": "", "street": "", "apartment": "", "zipcode": ""}}, {"pk": 27, "model": "organization.address", "fields": {"city": "", "state": "", "street": "", "apartment": "", "zipcode": ""}}, {"pk": 28, "model": "organization.address", "fields": {"city": "", "state": "", "street": "", "apartment": "", "zipcode": ""}}, {"pk": 29, "model": "organization.address", "fields": {"city": "", "state": "", "street": "", "apartment": "", "zipcode": ""}}, {"pk": 30, "model": "organization.address", "fields": {"city": "", "state": "", "street": "", "apartment": "", "zipcode": ""}}, {"pk": 31, "model": "organization.address", "fields": {"city": "", "state": "", "street": "", "apartment": "", "zipcode": ""}}, {"pk": 1, "model": "organization.organizationtype", "fields": {"name": "Services", "description": "A services company in general"}}, {"pk": 2, "model": "organization.organizationtype", "fields": {"name": "Product", "description": "Security"}}, {"pk": 3, "model": "organization.organizationtype", "fields": {"name": "Testing", "description": "QA automation harness for variety of products"}}, {"pk": 4, "model": "organization.organizationtype", "fields": {"name": "Storage", "description": "storage domain"}}, {"pk": 1, "model": "organization.designation", "fields": {"description": "", "title": "Individual"}}, {"pk": 2, "model": "organization.designation", "fields": {"description": "Chief ...", "title": "CEO"}}, {"pk": 3, "model": "organization.designation", "fields": {"description": "... Operations Officer", "title": "COO"}}, {"pk": 4, "model": "organization.designation", "fields": {"description": "Software Engineer", "title": "SE"}}, {"pk": 5, "model": "organization.designation", "fields": {"description": "Quality Assurance...", "title": "QA Analyst"}}, {"pk": 6, "model": "organization.designation", "fields": {"description": "hello", "title": "manager"}}, {"pk": 1, "model": "organization.phonetype", "fields": {"name": "landline", "description": ""}}, {"pk": 2, "model": "organization.phonetype", "fields": {"name": "cell", "description": ""}}, {"pk": 1, "model": "south.migrationhistory", "fields": {"applied": "2014-03-20T07:48:38.127Z", "app_name": "organization", "migration": "0001_initial"}}, {"pk": 2, "model": "south.migrationhistory", "fields": {"applied": "2014-03-20T07:48:50.662Z", "app_name": "organization", "migration": "0002_auto__add_field_organization_pho"}}, {"pk": 3, "model": "south.migrationhistory", "fields": {"applied": "2014-03-20T08:59:36.744Z", "app_name": "organization", "migration": "0003_auto__del_field_organization_pho__add_field_organization_phone"}}, {"pk": 1, "model": "auth.permission", "fields": {"codename": "add_logentry", "name": "Can add log entry", "content_type": 1}}, {"pk": 2, "model": "auth.permission", "fields": {"codename": "change_logentry", "name": "Can change log entry", "content_type": 1}}, {"pk": 3, "model": "auth.permission", "fields": {"codename": "delete_logentry", "name": "Can delete log entry", "content_type": 1}}, {"pk": 4, "model": "auth.permission", "fields": {"codename": "add_permission", "name": "Can add permission", "content_type": 2}}, {"pk": 5, "model": "auth.permission", "fields": {"codename": "change_permission", "name": "Can change permission", "content_type": 2}}, {"pk": 6, "model": "auth.permission", "fields": {"codename": "delete_permission", "name": "Can delete permission", "content_type": 2}}, {"pk": 7, "model": "auth.permission", "fields": {"codename": "add_group", "name": "Can add group", "content_type": 3}}, {"pk": 8, "model": "auth.permission", "fields": {"codename": "change_group", "name": "Can change group", "content_type": 3}}, {"pk": 9, "model": "auth.permission", "fields": {"codename": "delete_group", "name": "Can delete group", "content_type": 3}}, {"pk": 10, "model": "auth.permission", "fields": {"codename": "add_user", "name": "Can add user", "content_type": 4}}, {"pk": 11, "model": "auth.permission", "fields": {"codename": "change_user", "name": "Can change user", "content_type": 4}}, {"pk": 12, "model": "auth.permission", "fields": {"codename": "delete_user", "name": "Can delete user", "content_type": 4}}, {"pk": 13, "model": "auth.permission", "fields": {"codename": "add_contenttype", "name": "Can add content type", "content_type": 5}}, {"pk": 14, "model": "auth.permission", "fields": {"codename": "change_contenttype", "name": "Can change content type", "content_type": 5}}, {"pk": 15, "model": "auth.permission", "fields": {"codename": "delete_contenttype", "name": "Can delete content type", "content_type": 5}}, {"pk": 16, "model": "auth.permission", "fields": {"codename": "add_session", "name": "Can add session", "content_type": 6}}, {"pk": 17, "model": "auth.permission", "fields": {"codename": "change_session", "name": "Can change session", "content_type": 6}}, {"pk": 18, "model": "auth.permission", "fields": {"codename": "delete_session", "name": "Can delete session", "content_type": 6}}, {"pk": 19, "model": "auth.permission", "fields": {"codename": "add_address", "name": "Can add address", "content_type": 7}}, {"pk": 20, "model": "auth.permission", "fields": {"codename": "change_address", "name": "Can change address", "content_type": 7}}, {"pk": 21, "model": "auth.permission", "fields": {"codename": "delete_address", "name": "Can delete address", "content_type": 7}}, {"pk": 22, "model": "auth.permission", "fields": {"codename": "add_person", "name": "Can add person", "content_type": 8}}, {"pk": 23, "model": "auth.permission", "fields": {"codename": "change_person", "name": "Can change person", "content_type": 8}}, {"pk": 24, "model": "auth.permission", "fields": {"codename": "delete_person", "name": "Can delete person", "content_type": 8}}, {"pk": 25, "model": "auth.permission", "fields": {"codename": "add_organizationtype", "name": "Can add organization type", "content_type": 9}}, {"pk": 26, "model": "auth.permission", "fields": {"codename": "change_organizationtype", "name": "Can change organization type", "content_type": 9}}, {"pk": 27, "model": "auth.permission", "fields": {"codename": "delete_organizationtype", "name": "Can delete organization type", "content_type": 9}}, {"pk": 28, "model": "auth.permission", "fields": {"codename": "add_designation", "name": "Can add designation", "content_type": 10}}, {"pk": 29, "model": "auth.permission", "fields": {"codename": "change_designation", "name": "Can change designation", "content_type": 10}}, {"pk": 30, "model": "auth.permission", "fields": {"codename": "delete_designation", "name": "Can delete designation", "content_type": 10}}, {"pk": 31, "model": "auth.permission", "fields": {"codename": "add_organization", "name": "Can add organization", "content_type": 11}}, {"pk": 32, "model": "auth.permission", "fields": {"codename": "change_organization", "name": "Can change organization", "content_type": 11}}, {"pk": 33, "model": "auth.permission", "fields": {"codename": "delete_organization", "name": "Can delete organization", "content_type": 11}}, {"pk": 34, "model": "auth.permission", "fields": {"codename": "add_visitingcards", "name": "Can add visiting cards", "content_type": 12}}, {"pk": 35, "model": "auth.permission", "fields": {"codename": "change_visitingcards", "name": "Can change visiting cards", "content_type": 12}}, {"pk": 36, "model": "auth.permission", "fields": {"codename": "delete_visitingcards", "name": "Can delete visiting cards", "content_type": 12}}, {"pk": 37, "model": "auth.permission", "fields": {"codename": "add_phone", "name": "Can add phone", "content_type": 13}}, {"pk": 38, "model": "auth.permission", "fields": {"codename": "change_phone", "name": "Can change phone", "content_type": 13}}, {"pk": 39, "model": "auth.permission", "fields": {"codename": "delete_phone", "name": "Can delete phone", "content_type": 13}}, {"pk": 40, "model": "auth.permission", "fields": {"codename": "add_phonetype", "name": "Can add phone type", "content_type": 14}}, {"pk": 41, "model": "auth.permission", "fields": {"codename": "change_phonetype", "name": "Can change phone type", "content_type": 14}}, {"pk": 42, "model": "auth.permission", "fields": {"codename": "delete_phonetype", "name": "Can delete phone type", "content_type": 14}}, {"pk": 43, "model": "auth.permission", "fields": {"codename": "add_migrationhistory", "name": "Can add migration history", "content_type": 15}}, {"pk": 44, "model": "auth.permission", "fields": {"codename": "change_migrationhistory", "name": "Can change migration history", "content_type": 15}}, {"pk": 45, "model": "auth.permission", "fields": {"codename": "delete_migrationhistory", "name": "Can delete migration history", "content_type": 15}}, {"pk": 1, "model": "auth.user", "fields": {"username": "admin", "first_name": "", "last_name": "", "is_active": true, "is_superuser": true, "is_staff": true, "last_login": "2014-05-21T05:50:45.753Z", "groups": [], "user_permissions": [], "password": "pbkdf2_sha256$12000$Mbpyr4MXGHMl$O25c6l6UIsEBfZYQ2C12p8npHQkbeg4RoLzmui+O4JY=", "email": "ravi26patil@gmail.com", "date_joined": "2014-02-27T12:36:21.241Z"}}, {"pk": 2, "model": "auth.user", "fields": {"username": "jwalker", "first_name": "Johny", "last_name": "Walker", "is_active": true, "is_superuser": false, "is_staff": false, "last_login": "2014-03-19T08:55:50.458Z", "groups": [], "user_permissions": [], "password": "pbkdf2_sha256$12000$ovPpgQVFfSGl$sV7N+bAm1rzxYC66cQ3pEmuefevowIcfoibHJB+EwCA=", "email": "j.walker@gmail.com", "date_joined": "2014-02-27T12:43:35.350Z"}}, {"pk": 3, "model": "auth.user", "fields": {"username": "pengland", "first_name": "Peter", "last_name": "England", "is_active": true, "is_superuser": false, "is_staff": false, "last_login": "2014-02-27T14:08:54.746Z", "groups": [], "user_permissions": [], "password": "pbkdf2_sha256$12000$PzgpnCDINxSr$KfF1Z7R1VpxNp7rYYkpUkogmmMclLU5EcWmFmwY51tY=", "email": "pengland@gmail.com", "date_joined": "2014-02-27T12:44:19.410Z"}}, {"pk": 4, "model": "auth.user", "fields": {"username": "brajan", "first_name": "Basant", "last_name": "Rajan", "is_active": true, "is_superuser": false, "is_staff": false, "last_login": "2014-02-27T12:46:42.532Z", "groups": [], "user_permissions": [], "password": "pbkdf2_sha256$12000$PStnPuk71mvh$lzkh5KMPQ8oo8hxQ0Sfw9cbhOzidKWtuaMKfxBLA+cs=", "email": "brajan@gmail.com", "date_joined": "2014-02-27T12:46:42.532Z"}}, {"pk": 5, "model": "auth.user", "fields": {"username": "jmiller", "first_name": "John", "last_name": "Miller", "is_active": true, "is_superuser": false, "is_staff": false, "last_login": "2014-03-03T12:57:10.067Z", "groups": [], "user_permissions": [], "password": "pbkdf2_sha256$12000$TGODQUc9SclY$dL6IHE/0LjXH6ZTKWWSq36H7aIyv/OrFezHwB4yWeaQ=", "email": "jmiller@gmail.com", "date_joined": "2014-03-03T12:57:10.067Z"}}, {"pk": 7, "model": "auth.user", "fields": {"username": "jockey", "first_name": "Jockey", "last_name": "", "is_active": true, "is_superuser": false, "is_staff": false, "last_login": "2014-03-03T12:58:58.961Z", "groups": [], "user_permissions": [], "password": "pbkdf2_sha256$12000$B1NQtAs0ZOor$ErPJQ9zNU7CSqiTve36fuyk2vInr3vkWxEBPbQDsaeg=", "email": "jockey@gmail.com", "date_joined": "2014-03-03T12:58:58.961Z"}}, {"pk": 8, "model": "auth.user", "fields": {"username": "vheusen", "first_name": "Van", "last_name": "Heusen", "is_active": true, "is_superuser": false, "is_staff": false, "last_login": "2014-03-03T13:03:02.136Z", "groups": [], "user_permissions": [], "password": "pbkdf2_sha256$12000$yBshHHDpTFx4$yd2qx7HkGktpsDz/Q7o/QtC4dqtxVjoJrMXfFMgDBNM=", "email": "vheusen@gmail.com", "date_joined": "2014-03-03T13:03:02.136Z"}}, {"pk": 9, "model": "auth.user", "fields": {"username": "ravip", "first_name": "Ravi", "last_name": "Patil", "is_active": true, "is_superuser": false, "is_staff": false, "last_login": "2014-05-23T07:00:31.474Z", "groups": [], "user_permissions": [], "password": "pbkdf2_sha256$12000$HgbMz8ZbplsY$2ENkxkBRZZ9xJYJk5iODHwgYw/XEFJfyMaEFXXFwHRM=", "email": "ravi26patil@gmail.com", "date_joined": "2014-03-14T11:51:49.829Z"}}, {"pk": 10, "model": "auth.user", "fields": {"username": "omkarp", "first_name": "omkar", "last_name": "phatak", "is_active": true, "is_superuser": false, "is_staff": false, "last_login": "2014-05-20T12:45:30.135Z", "groups": [], "user_permissions": [], "password": "pbkdf2_sha256$12000$HqbUPXnpTRso$u8ObOTAUzIxP1RBAoyxz4yWwZYn0IYZwQVCUh/MDdag=", "email": "ravirajmca12@gmail.com", "date_joined": "2014-03-18T08:46:02.189Z"}}, {"pk": 11, "model": "auth.user", "fields": {"username": "amolm", "first_name": "", "last_name": "", "is_active": true, "is_superuser": false, "is_staff": false, "last_login": "2014-04-02T05:09:42.430Z", "groups": [], "user_permissions": [], "password": "pbkdf2_sha256$12000$lp0NAwGKW5Ft$BlocaGdkNF/EC+94MitWLFXTzwHD9Ot8ZmQLuNqRn4U=", "email": "amol@gmail.com", "date_joined": "2014-03-18T13:11:16.914Z"}}, {"pk": 12, "model": "auth.user", "fields": {"username": "nirav", "first_name": "nirav", "last_name": "joshi", "is_active": true, "is_superuser": false, "is_staff": true, "last_login": "2014-03-31T11:56:16.860Z", "groups": [], "user_permissions": [], "password": "pbkdf2_sha256$12000$Xrm43OwuQomh$0UsSiyfn2nvCUw9qfy4Ud95CWb6jrva0rbMPgmp1uXQ=", "email": "", "date_joined": "2014-03-19T08:28:54Z"}}, {"pk": 13, "model": "auth.user", "fields": {"username": "shan", "first_name": "shanta", "last_name": "jamdar", "is_active": true, "is_superuser": false, "is_staff": false, "last_login": "2014-04-04T09:19:37.936Z", "groups": [], "user_permissions": [], "password": "pbkdf2_sha256$12000$Byz9Y73n6OM5$k5ik5J01sDwuzHm84A1EGhuU/fpb/0ujqh4zDvzFtLg=", "email": "shan@gmail.com", "date_joined": "2014-03-19T09:39:38.268Z"}}, {"pk": 14, "model": "auth.user", "fields": {"username": "ashish", "first_name": "ashish", "last_name": "alate", "is_active": true, "is_superuser": false, "is_staff": false, "last_login": "2014-03-24T11:14:23.464Z", "groups": [], "user_permissions": [], "password": "pbkdf2_sha256$12000$Jjjm5Mh7pHAE$e6ezJZmeU/M0l5d49lCayaEUht4ypA6BlRulDjRZkXw=", "email": "ashish.alate@coriolis.co.in", "date_joined": "2014-03-24T11:14:07.931Z"}}, {"pk": 1, "model": "organization.person", "fields": {"suffix": "", "title": "member of technicsl staff", "phone": "8888888888", "prefix": "", "user": 2, "address": 26}}, {"pk": 2, "model": "organization.person", "fields": {"suffix": "", "title": "Manager", "phone": "7777777777", "prefix": "", "user": 3, "address": 27}}, {"pk": 3, "model": "organization.person", "fields": {"suffix": "", "title": "", "phone": "", "prefix": "", "user": 4, "address": null}}, {"pk": 4, "model": "organization.person", "fields": {"suffix": "", "title": "", "phone": "", "prefix": "", "user": 5, "address": null}}, {"pk": 6, "model": "organization.person", "fields": {"suffix": "", "title": "", "phone": "", "prefix": "", "user": 7, "address": null}}, {"pk": 7, "model": "organization.person", "fields": {"suffix": "", "title": "", "phone": "", "prefix": "", "user": 8, "address": null}}, {"pk": 8, "model": "organization.person", "fields": {"suffix": "", "title": "python developer", "phone": "9890949622", "prefix": "", "user": 9, "address": 7}}, {"pk": 9, "model": "organization.person", "fields": {"suffix": "", "title": "Python developer", "phone": "9999999999", "prefix": "", "user": 10, "address": 17}}, {"pk": 10, "model": "organization.person", "fields": {"suffix": "", "title": "", "phone": "11111111111", "prefix": "", "user": 11, "address": 29}}, {"pk": 11, "model": "organization.person", "fields": {"suffix": "", "title": "", "phone": "9876543210", "prefix": "", "user": 12, "address": 25}}, {"pk": 13, "model": "organization.person", "fields": {"suffix": "", "title": "", "phone": "9890949622", "prefix": "", "user": 13, "address": 30}}, {"pk": 14, "model": "organization.person", "fields": {"suffix": "", "title": "", "phone": "9890949622", "prefix": "", "user": 1, "address": 31}}, {"pk": 15, "model": "organization.person", "fields": {"suffix": "", "title": "", "phone": "", "prefix": "", "user": 14, "address": null}}, {"pk": 1, "model": "organization.organization", "fields": {"administrator": 4, "name": "Coriolis Technologies", "phone": "6666666666", "address": 1, "designations": [2, 3], "types": [1, 2], "description": "Technologies"}}, {"pk": 2, "model": "organization.organization", "fields": {"administrator": 3, "name": "Yahoo", "phone": "7777777777", "address": null, "designations": [2, 3, 4, 5], "types": [], "description": "Email"}}, {"pk": 3, "model": "organization.organization", "fields": {"administrator": 11, "name": "Synechron", "phone": "2222222222", "address": null, "designations": [2, 3, 4, 5], "types": [], "description": "Services"}}, {"pk": 5, "model": "organization.organization", "fields": {"administrator": 2, "name": "Infosys", "phone": "6666666666", "address": null, "designations": [2, 3, 4, 5], "types": [], "description": "IT"}}, {"pk": 8, "model": "organization.organization", "fields": {"administrator": null, "name": "ABIL", "phone": "1234567890", "address": 24, "designations": [2], "types": [2], "description": ""}}, {"pk": 9, "model": "organization.organization", "fields": {"administrator": 13, "name": "VIT", "phone": "9890949622", "address": 20, "designations": [2, 3], "types": [1, 2], "description": "java prof"}}, {"pk": 10, "model": "organization.organization", "fields": {"administrator": 11, "name": "persistance", "phone": "9890949622", "address": 21, "designations": [2], "types": [2], "description": "develope"}}, {"pk": 11, "model": "organization.organization", "fields": {"administrator": 9, "name": "amdocs", "phone": "9890949622", "address": 22, "designations": [2, 3], "types": [1, 2, 3], "description": ""}}, {"pk": 12, "model": "organization.organization", "fields": {"administrator": 9, "name": "bitwise", "phone": "+919890949622", "address": 23, "designations": [4, 5], "types": [1, 3], "description": "business analyst"}}, {"pk": 13, "model": "organization.organization", "fields": {"administrator": 8, "name": "red bytes", "phone": "4444444444", "address": 28, "designations": [4, 5], "types": [1, 2], "description": "iphone tech"}}, {"pk": 14, "model": "organization.organization", "fields": {"administrator": 10, "name": "zycus", "phone": "55555555555", "address": null, "designations": [4, 5], "types": [1, 2], "description": ""}}, {"pk": 1, "model": "organization.visitingcards", "fields": {"designation": 1, "email": "", "user": 2, "address": null, "organization": null, "public": true}}, {"pk": 2, "model": "organization.visitingcards", "fields": {"designation": 1, "email": "", "user": 3, "address": null, "organization": null, "public": true}}, {"pk": 3, "model": "organization.visitingcards", "fields": {"designation": 1, "email": "", "user": 4, "address": null, "organization": null, "public": true}}, {"pk": 6, "model": "organization.visitingcards", "fields": {"designation": 4, "email": "ravi26patil@gmail.com", "user": 9, "address": null, "organization": 1, "public": true}}, {"pk": 9, "model": "organization.visitingcards", "fields": {"designation": 4, "email": "", "user": 11, "address": null, "organization": 14, "public": true}}, {"pk": 10, "model": "organization.visitingcards", "fields": {"designation": 2, "email": "ravi26patil@gmail.com", "user": 11, "address": null, "organization": 11, "public": true}}, {"pk": 1, "model": "admin.logentry", "fields": {"action_flag": 1, "action_time": "2014-03-19T08:28:54.996Z", "object_repr": "nirav", "object_id": "12", "change_message": "", "user": 1, "content_type": 4}}, {"pk": 2, "model": "admin.logentry", "fields": {"action_flag": 2, "action_time": "2014-03-19T08:29:07.044Z", "object_repr": "nirav", "object_id": "12", "change_message": "Changed is_staff.", "user": 1, "content_type": 4}}]
